数据/统计量,类型,单位,时段,网格,均值_未加权,均值_面积加权,均值差(未加权-加权),均值相对差%,趋势_未加权(单位/10年),趋势_面积加权,趋势差,趋势相对差%,备注
NCEP R1 气温 全球(含海洋),T,°C,1980-2020,2.5°,4.7812,14.1566,-9.3754,-66.23,0.3314,0.1892,0.1422,75.1,
NCEP R1 气温 仅陆地(含南极),T,°C,1980-2020,2.5°,-5.0001,9.1364,-14.1365,-154.73,0.4186,0.2741,0.1444,52.7,land.nc mask
NCEP R1 气温 仅陆地(不含南极),T,°C,1980-2020,2.5°,8.6826,13.1091,-4.4265,-33.77,0.3084,0.2534,0.0550,21.7,"land.nc, lat>-60"
NCEP R1 气温 60-90N,T,°C,1980-2020,2.5°,-10.4469,-7.3937,-3.0532,-41.29,0.8653,0.6887,0.1766,25.6,
NCEP R1 气温 30S-30N,T,°C,1980-2020,2.5°,24.0385,24.1331,-0.0945,-0.39,0.1191,0.1188,0.0003,0.2,
NCEP R1 气温 0-90N,T,°C,1980-2020,2.5°,7.6448,15.2229,-7.5781,-49.78,0.4316,0.2579,0.1737,67.3,
GISTEMP v4 温度异常 全球,Tanom,K,1980-2020,2°,0.5850,0.5208,0.0642,12.33,0.2606,0.1951,0.0656,33.6,NaN 处权重重新归一
GPCP 降水 全球(含海洋),P,mm/yr,1980-2020,2.5°,818.4444,982.6432,-164.1988,-16.71,2.4517,1.5847,0.8670,54.7,
GPCP 降水 仅陆地(含南极/格陵兰),P,mm/yr,1980-2020,2.5°,592.7468,793.9797,-201.2329,-25.34,0.5598,0.3541,0.2057,58.1,Natural Earth land mask (cell centre)
GPCP 降水 仅陆地(不含南极),P,mm/yr,1980-2020,2.5°,758.3042,848.2098,-89.9056,-10.60,2.1330,0.4724,1.6605,351.5,
"GPCC v2020 降水 陆地(观测网格, 1°)",P,mm/yr,1980-2019,1°,773.5064,901.7807,-128.2743,-14.22,5.5610,5.6008,-0.0398,-0.7,"GPCC 仅陆地, 其余为 NaN"
NCEP R1 潜热通量→蒸散发代用 陆地(T62 高斯网格),ET,mm/yr,1980-2020,T62 Gaussian,486.8915,652.3798,-165.4883,-25.37,-1.4700,-4.2233,2.7533,65.2,"反演代用量, 非观测"
NCEP R1 蒸散发代用 陆地(不含南极),ET,mm/yr,1980-2020,T62 Gaussian,623.3860,697.7831,-74.3972,-10.66,-3.2761,-5.0193,1.7433,34.7,
NCEP R1 降水 陆地(不含南极),P,mm/yr,1980-2020,T62 Gaussian,803.6240,907.1507,-103.5267,-11.41,12.1737,15.5023,-3.3286,-21.5,
OISST v2 海温 全海洋(1°),SST,°C,1982-2022,1°,12.4151,17.6615,-5.2464,-29.71,0.0974,0.1082,-0.0108,-9.9,
OISST 海冰密集度 年均 50-90°N 海洋,ICE,%,1982-2022,1°,59.9583,35.4560,24.5023,69.11,-1.5823,-1.1458,-0.4365,-38.1,
"OISST 9月北极海冰覆盖面积占比(>=15%, 50-90°N海洋)",ICEFRAC,fraction,1982-2022,1°,0.4961,0.2218,0.2744,123.73,-0.0324,-0.0251,-0.0073,-29.2,
"CRU TS4.09 气温 陆地(0.5°, 无南极)",T,°C,1980-2020,0.5°,8.7670,13.7452,-4.9782,-36.22,0.3035,0.2666,0.0369,13.8,
"CRU TS4.09 降水 陆地(0.5°, 无南极)",P,mm/yr,1980-2020,0.5°,728.4508,836.9268,-108.4760,-12.96,5.7168,6.3218,-0.6049,-9.6,
SPEI-12 (12月) 陆地平均值,SPEI,index,1981-2022,0.5°,-0.0861,-0.1071,0.0210,19.63,-0.0967,-0.1030,0.0063,6.1,
SPEI-12 SPEI<=-1 (中度及以上干旱) 面积占比,DAREA,fraction,1981-2022,0.5°,0.2139,0.2194,-0.0055,-2.51,0.0280,0.0283,-0.0003,-1.0,
SPEI-12 SPEI<=-1.5 (严重干旱) 面积占比,DAREA,fraction,1981-2022,0.5°,0.0975,0.1003,-0.0028,-2.80,0.0180,0.0175,0.0005,3.0,
SPEI-12<=-1 面积占比 (排除年降水<180 mm 干旱区),DAREA,fraction,1981-2022,0.5°,0.1926,0.1955,-0.0029,-1.50,0.0084,0.0069,0.0015,21.2,
